file,n_atoms,n_residues,molecular_mass,count_H,count_C,count_N,count_O,count_S,count_P,count_F,count_CL,count_BR,count_I,count_NA,count_MG,count_CA,count_FE,count_ZN,radius_of_gyration,dim_x,dim_y,dim_z,bbox_volume,compactness,bond_count,bond_length_mean,bond_length_std,bond_length_min,bond_length_max,atom_contact_count,atom_contact_density,residue_contact_count,residue_contact_density
examples/data/1aml.pdb,598.0,40.0,4326.843,292.0,194.0,53.0,58.0,1.0,0.0,0.0,0.0,0.0,0.0,0.0,0.0,0.0,0.0,0.0,12.46130899822072,40.044,24.08,22.871000000000002,22053.57948192,0.02711577957175856,604.0,1.2454737015156014,0.20224006018988755,0.9596905751334647,1.8106634143318878,178503.0,1.0,133.0,0.17051282051282052
examples/data/1fqy.pdb,1661.0,226.0,21795.832,0.0,1077.0,283.0,296.0,5.0,0.0,0.0,0.0,0.0,0.0,0.0,0.0,0.0,0.0,0.0,17.7355804041413,41.822,33.162,55.065,76369.71259566,0.02174945987808251,1693.0,1.4214322916788387,0.1106436082217837,1.1672776019439406,1.8258173512156102,18406.0,0.013350935348860825,1076.0,0.04232055063913471
examples/data/3ptb.pdb,1701.0,284.0,22839.708,0.0,1019.0,281.0,386.0,14.0,0.0,0.0,0.0,0.0,0.0,0.0,0.0,1.0,0.0,0.0,16.11085449908162,42.745,37.475,47.902,76732.72285025,0.022167856643372823,21.0,1.8537864842637024,0.43196484016893316,1.3207971078102798,2.4856759644008286,20700.0,0.014316837846249611,1929.0,0.04800179166874036
